IZO;Je základní;adresa1;adresa2;adresa3
#108006018;TRUE;Opletalova 1266/4;466 01 Jablonec nad Nisou
#108006166;FALSE;Opletalova 1266/4;466 01 Jablonec nad Nisou
#181005328;FALSE;Opletalova 1266/4;466 01 Jablonec nad Nisou
#102331081;FALSE;763 14 Zlín - Štípa
#102331081;FALSE;Zádveřice;763 12 Vizovice
#102213461;FALSE;Brixiho nouz.stavba 32;162 00 Praha 6
#060075996;FALSE;Dobrovodská 69;370 06 České Budějovice
#000400963;FALSE;náměstí Republiky;614 00 Brno
#110009398;FALSE;Gahurova 1;760 01 Zlín
#046254323;FALSE;Tyršovo náměstí 363;686 01 Uherské Hradiště
#047654279;FALSE;Zábraní 514;783 44 Náměšť na Hané
#102532397;FALSE;Bulharská;708 00 Ostrava - Poruba
#181007002;FALSE;Rostislavova 7;702 00 Ostrava - Vítkovice
#000639133;FALSE;Průhonická 8 č.ev.;Záběhlice;106 00 Praha 10
#107820340;FALSE;Tylova parc. č. st. 2375;258 01 Vlašim
#000069540;FALSE;Hořín;276 01 Mělník
#102814309;FALSE;Hrabákova 271;261 80 Příbram II
#000077305;FALSE;Chlumská hora;364 52 Pšov
#110100018;FALSE;Chlumská hora;364 52 Pšov
#000497061;FALSE;Jateční - tesárna;312 00 Plzeň-Bílá Hora
#047274719;FALSE;k. ú. Císařský, objekt na parc. č. 449;407 77 Šluknov - Kunratice
#047274719;FALSE;Dr. E. Beneše, objekt na parc. č. 803;407 77 Šluknov
#000081663;FALSE;Benešovská 76;405 02 Děčín - Libverda
#000082015;FALSE;Bohušovice nad Ohří, Hrdly;412 01 Litoměřice
#060153296;FALSE;Babí;541 02 Trutnov
#110029283;FALSE;Babí;541 02 Trutnov
#049314912;FALSE;Ústecká 36;561 51 Letohrad
#181109239;FALSE;Ústecká 36;561 51 Letohrad
#181014921;FALSE;Mendlovo nám. 3/4;624 00 Brno
#181014912;FALSE;Mendlovo nám. 3/4;624 00 Brno
#107870762;FALSE;Za Mlýnem 146;666 25 Tišnov
#103179381;FALSE;Sovadinova 6;690 02 Břeclav
#000055107;FALSE;Zahradnický areál "Vazová";688 01 Uherský Brod
#102867071;FALSE;Na Střelnici;672 01 Moravský Krumlov
#107870941;FALSE;Na Padochovce 4 1335;664 91 Ivančice
#110014359;FALSE;č.p. 414;687 08 Břestek
#000602035;FALSE;Křelov;783 36 Křelov - Břuchotín
#000602035;FALSE;Křelov;783 36 Křelov - Břuchotín
#000602035;FALSE;Křelov;783 36 Křelov - Břuchotín
#110022670;FALSE;Komenského 7;746 01 Opava
#110025938;FALSE;Hranice VI - Valšovice 33;753 54 Soběchleby
#108007022;TRUE;Zdeňka Štěpánka 340;434 01 Most
#108007022;TRUE;J. E. Purkyně 270/5;434 01 Most
#110020669;FALSE;Zdeňka Štěpánka 340;434 01 Most
#166100366;FALSE;Zdeňka Štěpánka 340;434 01 Most
#110000021;TRUE;17. listopadu 951;549 31 Hronov
#110011546;FALSE;Stavbařů 304;530 09 Pardubice
#110003381;FALSE;Kyjevská 500;532 03 Pardubice
#060158981;TRUE;Kyjevská 500;532 03 Pardubice
#181068729;FALSE;Milady Horákové 488;568 02 Svitavy
#181068729;FALSE;Milady Horákové 493;568 02 Svitavy
#060154021;FALSE;Labský Mlýn - Deymova 1;543 71 Hostinné
#181066751;FALSE;Obchodní 282;542 25 Janské Lázně
#181065983;TRUE;Rašelinová 11;628 00 Brno
#110022238;FALSE;Tetín 7;796 01 Prostějov
#110022246;FALSE;
#110005007;FALSE;671 65 Břežany 1
#181068826;FALSE;Nedbalova 35 29;772 00 Olomouc - Topolany
#110022939;FALSE;Příluky 372;760 01 Zlín
#102814601;FALSE;331 05 Tis u Blatna
#102814732;FALSE;Jakub 91;285 33 Církvice
#060077638;FALSE;Förstrova 1291;370 07 České Budějovice
#060077638;FALSE;Přední Výtoň;382 73 Vyšší Brod
#000665711;FALSE;Zátoň 11;382 11 Větřní
#108017010;FALSE;Hradební 44;377 01 Jindřichův Hradec
#110023927;FALSE;V Hati 1022/1;394 94 Černovice
#110023927;FALSE;V Hati 1005/2;394 94 Černovice
#110034562;FALSE;Strunkovice nad Blanicí, Žíchovec 17;383 01 Prachatice
#002164833;FALSE;Zálesí 63;387 19 Čestice
#102188157;FALSE;Kunkovice 17;339 01 Čachrov
#110150724;FALSE;Havlíčkova 443;470 01 Česká Lípa
#110033809;FALSE;k.ú. Buškovice, parc. č. St. 110 (Truhlářská dílna);441 01 Podbořany
#110033809;FALSE;k.ú. Buškovice, parc. č. St. 130 (Stodola);441 01 Podbořany
#102565911;FALSE;Sochorova 1726/6;419 01 Duchcov
#102104565;FALSE;Karolín 53, 54;679 02 Rájec-Jestřebí
#102104565;FALSE;Školní 518;678 02 Rájec-Jestřebí
#102104565;FALSE;Purkyňova 3;678 01 Blansko
#102104565;FALSE;Bezručova 33;678 01 Blansko
#102104573;FALSE;Sokolská 13;680 01 Boskovice
#108010597;FALSE;Turistická základna Kančí obora;690 02 Břeclav
#108010597;FALSE;Turistická základna Apollo;691 44 Lednice
#108010597;FALSE;Kupkova 1;690 02 Břeclav
#108010597;FALSE;Veslařská 1;690 02 Břeclav
#108010597;FALSE;Sady 28. října 1;690 21 Břeclav
#108010562;FALSE;691 82 Novosedly 3
#049939424;FALSE;poz. p.č. 35/3 k.ú. Strážnice na Moravě (budova bez č.p./č.e.);696 62 Strážnice
#181123908;FALSE;parc. č. 502/1;674 01 Třebíč
#108012271;FALSE;671 34 Želetice 161
#181064294;FALSE;Náměstí 79/3;594 01 Velké Meziříčí (jen ambulantní služby)
#000096792;FALSE;Rakůvka 46;798 57 Rakůvka
#047654392;FALSE;Pod Šibeníkem 1538;783 91 Uničov
#108033643;FALSE;Nasobůrky 91;784 01 Litovel
#108033643;FALSE;Opletalova 189;784 01 Litovel
#047184469;FALSE;Náves 43;751 19 Vlkoš
#108014363;FALSE;789 85 Mohelnice   1721
#110029534;FALSE;Náměstí T.G.Masaryka 1260;739 11 Frýdlant nad Ostravicí
#110029534;FALSE;Českých legií  17;549 01 Nové Město nad Metují
#110029534;FALSE;Nádražní  615;593 01 Bystřice pod Pernštejnem
#110029534;FALSE;Komenského 1743;517 41 Kostelec nad Orlicí
#161100465;FALSE;budova bez č.p., parcela č. 2089/10;739 21 k. ú. Paskov
#161100473;FALSE;Raisova 333;461 41 Tanvald
#161100473;FALSE;Tyršova 409;593 01 Bystřice pod Pernštejnem
#045241945;FALSE;Tři Studně - Tábor "Vysočina", čp. 45;592 04 Fryšava pod Žákovou horou
#181053179;FALSE;Lidická 86;796 01 Prostějov
#181068397;FALSE;V Zahrádkách 48 1966;130 00 Praha 3
#181068401;FALSE;V Zahrádkách 48 1966;130 00 Praha 3
#181067285;FALSE;Suchdolská 360;165 00 Praha 6 - Suchdol
#107502976;FALSE;U Pergamenky 1144 1a;170 00 Praha 7
#181113821;FALSE;park Stromovka, p.č. 2242; p.č. 2416/60;Praha 7
#181126036;FALSE;park Stromovka, p.č. 2242;.č.2416/60;Praha 7
#000064289;FALSE;Podhradí-Sechov 33;584 01 Kožlí
#000064289;FALSE;Střemy;277 31 Lhotka u Mělníka
#102501041;FALSE;Lesní ulice  211;542 25 Janské Lázně
#102501041;FALSE;Lesní ulice 210;542 25 Janské Lázně
#102501050;FALSE;Lesní ulice  211;542 25 Janské Lázně
#150006390;FALSE;Ronovská 526;190 17 Praha 9 - Vinoř
#112800092;FALSE;Ronovská 526;190 17 Praha 9 - Vinoř
#112800092;FALSE;Prachovická 340;190 17 Praha 9 - Vinoř
#102473447;FALSE;Ronovská 526;190 17 Praha 9 - Vinoř
#045243581;TRUE;Novoškolská 89;190 00 Praha 9 - Vysočany
#048132489;FALSE;Chotouňská 717/1a;108 00 Praha 10 - Malešice
#102485691;FALSE;Chotouňská 717/1a;108 00 Praha 10 - Malešice
#107504324;FALSE;Mrštíkova 23 205;101 00 Praha 10
#181051532;FALSE;Mrštíkova 23 205;101 00 Praha 10
#007511001;FALSE;č.p. 934;267 16 Vysoký Újezd
#181130947;FALSE;č.p. 934;267 16 Vysoký Újezd
#181120968;FALSE;K Lesu, parc. č. 88/65;273 51 Svárov
#181068524;FALSE;Třebízského 523;278 01 Kralupy nad Vltavou
#113600356;FALSE;č.p. 252;294 15 Klášter Hradiště nad Jizerou
#102802602;FALSE;č.p. 252;294 15 Klášter Hradiště nad Jizerou
#113600607;FALSE;č.p. 160;294 78 Dolní Slivno
#107515954;FALSE;Lánská 993;250 64 Hovorčovice
#181121069;FALSE;Lánská 993;250 64 Hovorčovice
#107516098;FALSE;par. č. 300/4 (lesní mateřská škola);250 68 Husinec u Řeže
#181055112;FALSE;Parc. č. 190/6 a 190/3 (lesní mateřská škola);251 01 Tehov
#108053083;FALSE;Dobrovského 1071;250 65 Líbeznice
#113800169;FALSE;Dobrovského 1071/;250 65 Líbeznice
#107516667;FALSE;parc. č. 226/1 (lesní mateřská škola);252 62 Únětice
#107516675;FALSE;K Višňovce 1389;253 01 Hostivice
#107517116;FALSE;Pikovická 270;252 09 Hradištko
#113900031;FALSE;Pikovická 270;252 09 Hradištko
#181041073;FALSE;Školní 33;252 09 Hradištko
#000241610;TRUE;Kantorova 2485;252 63 Roztoky
#113900155;FALSE;Kantorova 2485;252 63 Roztoky
#102738921;FALSE;Kantorova 2485;252 63 Roztoky
#114001219;FALSE;parc. č. 49/1 (lesní mateřská škola);262 52 Vysoký Chlumec
#114100322;FALSE;Čsl. armády 213;271 01 Nové Strašecí
#107530619;FALSE;Školní 428;373 11 Ledenice
#102475563;FALSE;Školní 428;373 11 Ledenice
#181129752;FALSE;Stavební parcely č.1938 a 2050;384 51 Volary
#181129761;FALSE;Stavební parcely č.1938 a 2050;384 51 Volary
#114700109;FALSE;374 73 Stachy 206
#181039991;FALSE;Lidická 194;386 01
#102516634;TRUE;KÚZ Klimentov, parc. č. 610 (budova bez č.p. nebo č.ev.);353 01 Velká Hleďsebe
#102109427;FALSE;Pavlovice nad Mží 374;348 15 Planá u Mariánských Lázní
#049753347;TRUE;Masarykova poz. p.č. 481/1 a  p.č. 3265 (atletický areál);363 01 Ostrov
#047700009;FALSE;Stará cihelna;331 62 Manětín (k. ú. Manětín)
#108019632;FALSE;p. č. 99/174 (k.ú. Habartov);357 09 Habartov
#108019641;FALSE;Klubovna ČSOP na p.č. 2256/2;357 35 Chodov
#102157286;FALSE;Březiny  98;405 02 Děčín XXVII
#107563151;FALSE;Huntířov nad Jizerou 63;468 22 Železný Brod
#102165823;TRUE;Skuhrov, Huntířov 63;468 22 Železný Brod
#116300370;FALSE;Huntířov nad Jizerou 63;468 22 Železný Brod
#102717818;FALSE;Huntířov nad Jizerou 63;468 22 Železný Brod
#116300205;FALSE;Liberecká 5366/26b;466 01 Jablonec nad Nisou
#107565188;FALSE;Okružní 339;411 18 Budyně n.O.
#107568969;FALSE;Dubice 79;400 04 Ústí nad Labem
#102777152;FALSE;Dubice 79;400 04 Ústí nad Labem
#107580586;FALSE;č.p. 300;582 93 Kožlí
#102778060;FALSE;č.p. 300;582 93 Kožlí
#102966524;FALSE;Machov 563;549 63 Machov
#107586312;FALSE;Záhoří - Pipice č.p. 33;513 01 Semily
#102878641;FALSE;Záhoří - Pipice č.p. 33;513 01 Semily
#107586355;FALSE;U Školy 85;511 01 Turnov-Mašov
#102878684;FALSE;U Školy 85;511 01 Turnov-Mašov
#102966222;FALSE;Horní  Rokytnice 467;512 44 Rokytnice nad Jizerou
#118000080;FALSE;Svatopluka Čecha 440;565 01 Choceň
#102930066;FALSE;Kollárova 25;565 01 Choceň
#181093103;FALSE;pozemek p. č. 1752/1 a p. č.1752/6 (k. ú. Ostrov u Macochy);obec Ostrov u Macochy
#102067481;TRUE;Měšťanská 934/23;Brněnské Ivanovice;620 00 Brno-Tuřany
#107603306;FALSE;Jízdárenská 699;664 62 Hrušovany u Brna
#171000684;FALSE;Jízdárenská 699;664 62 Hrušovany u Brna
#107603349;FALSE;Mjr. Nováka 7;664 91 Ivančice
#181030128;FALSE;Mjr. Nováka 7;664 91 Ivančice
#181064634;FALSE;Sentice 71;666 03 Sentice
#102191379;TRUE;Na Bílém potoce 224;664 71 Veverská Bítýška
#102255172;TRUE;Národních hrdinů, parc. č. 4794/1;690 02 Břeclav
#107605724;FALSE;Svatopluka Čecha 516;760 01 Zlín
#103107924;FALSE;Svatopluka Čecha 516;760 01 Zlín
#107606461;FALSE;Sv. Štěpán 38;763 34 Brumov - Bylnice
#103119523;FALSE;Sv. Štěpán 38;763 34 Brumov - Bylnice
#102319171;TRUE;náměstí T. G. Masaryka 1334;761 25 Zlín
#181068265;FALSE;Hlavní 1160;765 02 Otrokovice
#181068257;FALSE;Jana Žižky 1355;765 02 Otrokovice
#181068249;FALSE;Mánesova 908;765 02 Otrokovice
#107609584;FALSE;Kroměřížská 28;768 02 Zdounky
#103207848;FALSE;Kroměřížská 28;768 02 Zdounky
#118800892;FALSE;Pornice 100;768 34 Pačlavice
#173000223;FALSE;Pornice 100;768 34 Pačlavice
#102591491;TRUE;č. p. 656;798 14 Olšany u Prostějova
#102129576;FALSE;Klenovice na Hané 231;798 23
#102655561;TRUE;Masarykovo náměstí 12;674 01 Třebíč
#044065701;FALSE;675 71 Sportovní areál Hájek Náměšť nad Oslavou
#107612615;FALSE;Lůčky 920;687 65 Strání - Květná
#173000517;FALSE;Lůčky 920;687 66 Strání - Květná
#102807469;TRUE;Tyršova 1221/14;683 01 Rousínov
#102843872;TRUE;p.č. st. 77 v k.ú. Lesonice;672 01 Lesonice
#102855773;TRUE;Šanov, Komenského 358;671 68 Hrabětice
#119300206;FALSE;Komenského 241;671 68 Šanov
#107615801;FALSE;Věcov-Roženecké Paseky 1;592 42 Jimramov
#103143602;FALSE;Věcov-Roženecké Paseky 1;592 42 Jimramov
#119400103;FALSE;č.p. 238;592 54 Moravec
#150007256;FALSE;č.p. 238;592 54 Moravec
#119701260;FALSE;Dolany 565;735 34 Stonava
#107624753;FALSE;parc. č. 2676;742 81 Bravantice
#150074301;FALSE;parc. č. 2676;742 81 Bravantice
#181068800;FALSE;Bílá Lhota 56;783 21 Chudobín
#108033635;FALSE;Parcelní číslo  1967/5;785 01 Šternberk
#108033635;FALSE;Parcelní číslo  1967/6;785 01 Šternberk
#120004402;FALSE;Podvihovská 197;747 70 Opava - Komárov
#120201585;FALSE;Tyršova p.č. 633/1 a 633/4;Kojetín I-Město;752 01 Kojetín
#107632586;FALSE;Malá Morava-Vys. Potok 40;788 33 Hanušovice
#120300125;FALSE;Malá Morava-Vys. Potok 40;788 33 Hanušovice
#120400600;FALSE;Semetín 163;755 01 Vsetín
#046414991;FALSE;Otruby;274 01 Slaný
#000582336;FALSE;Jírovcova 64;370 04 České Budějovice
#000582336;FALSE;Nádražní (parcelní číslo 2097/50);370 04 České Budějovice
#000582336;FALSE;Nádražní (parcelní číslo 2097/60);370 04 České Budějovice
#150071493;FALSE;Oldřichov;347 01 Tachov
#110020618;FALSE;Smetanovo nám. 2247;415 02 Teplice
#110029763;FALSE;Červené domky 3702;695 03 Hodonín
#007880103;FALSE;Revoluční;739 11 Frýdlant nad Ostravicí
#102263639;TRUE;Nebahovská 1026;383 01 Prachatice
#110025873;FALSE;k.ú. Královo Pole, p.č. 4173/3;612 00 Brno
#110006828;FALSE;Turkmenská 1612;755 01 Vsetín
#102780447;TRUE;Sychrov 61;755 01 Vsetín
#181066114;FALSE;Tetín 3;796 01 Prostějov
#181064278;FALSE;Nám. Dr. Josefa Theurera 261;261 01 Příbram II
#181064286;FALSE;Nám. Dr. Josefa Theurera 261;261 01 Příbram II
#150004621;FALSE;T.G.Masaryka 27 35;567 02 Svitavy
#150004842;FALSE;Slatiňanská, st.p. 397;538 25 Nasavrky
#150012799;TRUE;594 56 Žďárec 42
#102080038;TRUE;Nebory 165;739 57 Třinec
#107622386;FALSE;739 57 Třinec-Nebory 126
#107626357;FALSE;783 16 Dolany-Véska 64
#107610108;FALSE;Přemyslovice - Štarnov 21;798 52 Konice
#172101328;FALSE;Přemyslovice - Štarnov  21;798 52 Konice
#107560518;FALSE;parcela č. 321/2;471 62 Okna
#181118220;FALSE;parcela č. 312/2/2;471 62 Okna
#107589591;FALSE;Orlické Podhůří - Rviště 24;562 01 Ústí nad Orlicí
#102642273;TRUE;Orlické Podhůří - Říčky 59;562 01 Ústí nad Orlicí
#181022907;FALSE;Orlické Podhůří - Říčky 59;562 01 Ústí nad Orlicí
#102930899;FALSE;Orlické Podhůří - Rviště 24;562 01 Ústí nad Orlicí
#181022915;FALSE;Orlické Podhůří - Říčky 59;562 01 Ústí nad Orlicí
#107542510;FALSE;Soběšice u Sušice 146;342 01 Sušice
#107588935;FALSE;Horská 214;543 02 Vrchlabí
#102918848;FALSE;Horská 214;543 02 Vrchlabí
#174105762;FALSE;739 61 Třinec - Horní Lištná 10
#174106645;FALSE;739 61 Třinec - Lištná 10
#151000263;FALSE;Rudolfov, Hlinsko 49;370 01 České Budějovice
#151000107;FALSE;Blatnice 8, Pojbuky;391 43 Mladá Vožice
#163102775;FALSE;Blatnice 8, Pojbuky;391 43 Mladá Vožice
#060103361;FALSE;Vestec 27;Vestec;537 01 Chrudim
#108008193;FALSE;Vestec 27;Vestec;537 01 Chrudim
#161103006;FALSE;Baarova 1578/29;Michle;140 00 Praha 4
#181102781;FALSE;Baarova 1578/29;Michle;140 00 Praha 4
#181102790;FALSE;Baarova 1578/29;Michle;140 00 Praha 4
#161102778;FALSE;Bermanova 1001/1/1;Čakovice;196 00 Praha 9
#181089882;FALSE;Bermanova 1001/1/1;Čakovice;196 00 Praha 9
#162103514;FALSE;Školní 219;367 29 Zadní Třebáň
#165000341;FALSE;1800 m2 pozemku p. č. 1058/4 (zázemí lesní mateřské školy);360 17 k. ú. Stará Role
#166000132;FALSE;Modrá 169;407 01 Jílové
#181050935;FALSE;Modrá 169;407 01 Jílové
#166000345;FALSE;Krásný Studenec 131;405 02 Děčín XXIV
#166000353;FALSE;Krásný Studenec 131;405 02 Děčín XXIV
#166000370;FALSE;Školní 11;431 11 Červený Hrádek
#166000388;FALSE;Školní 11;431 11 Červený Hrádek
#107581825;FALSE;Tyršova 1505;503 46 Třebechovice pod Orebem
#108007791;FALSE;Tyršova 1505;503 46 Třebechovice pod Orebem
#107589044;FALSE;Voletiny 128;541 03 Trutnov 3
#102918945;FALSE;Voletiny 128;541 03 Trutnov 3
#170000028;FALSE;Křídla 52;592 31 Nové Město na Moravě
#170000303;FALSE;parcelní číslo 3138/2;393 01 Pelhřimov
#102113050;FALSE;Lidická 1286;765 02 Otrokovice
#107625865;FALSE;Kopřivnice-Lubina 199;742 21 Kopřivnice
#107625865;FALSE;Kopřivnice-Mniší 132;742 21 Kopřivnice
#103080996;FALSE;Kopřivnice-Lubina 199;742 21 Kopřivnice
#103080996;FALSE;Kopřivnice-Mniší;742 21 Kopřivnice
#107622807;FALSE;Oldřichovice - Ves 208;739 61 Třinec
#174000995;FALSE;Třinec-Tyra 80;739 61 Třinec-Tyra
#174000995;FALSE;Oldřichovice - Ves 208;739 61 Třinec
#107626128;FALSE;Karla Čapka 6;741 01 Nový Jičín
#103080384;FALSE;Karla Čapka 6;741 01 Nový Jičín
#110005538;FALSE;Komenského;747 21 Kravaře
#108034038;FALSE;osada Klokočůvek;742 36 Jakubčovice n/Odrou
#108036421;FALSE;Přepeřská 210;511 01 Turnov
#108027384;FALSE;Koníkov 11;592 44 Věcov
#002518597;FALSE;A. K. Vitáka 452;569 43 Jevíčko
#181021200;FALSE;Hromnice-Žichlice 124;330 11 Třemošná
#181018853;FALSE;Hromnice-Žichlice 58;330 11 Třemošná
#181018861;FALSE;Hromnice-Žichlice 58;330 11 Třemošná
#181018861;FALSE;Hromnice-Žichlice 124;330 11 Třemošná
#181022524;FALSE;Ke Kapličce, parc. č. 627/4 a 627/5 (lesní mateřská škola);251 68 Sulice - Hlubočinka
#181029383;FALSE;Ke Kapličce, parc. č. 627/4 a 627/5;251 68 Sulice - Hlubočinka
#181067226;FALSE;Náměstí Přemyslovců 15/10;288 02 Nymburk
#181035723;FALSE;Na Stráni   2014 28;405 02 Děčín VI - Letná
#181028603;FALSE;Sportovní 385;281 66 Jevany
#181028611;FALSE;Sportovní 385;281 66 Jevany
#181033453;FALSE;Kopeckého sady 12 12;301 00 Plzeň
#181033461;FALSE;Kopeckého sady 12 12;301 00 Plzeň
#181033712;FALSE;U školy, p.čč.st. 333/3;Rosice;664 84 Zastávka
#181033712;FALSE;Na Vyhlídce, p. č. st. 1642/3;665 01 Rosice
#108047849;FALSE;Trpišovice, Koňkovice-táborová základna;584 01 Ledeč nad Sázavou
#181034042;FALSE;756 51 Zašová 809
#181037238;FALSE;Vintířov - Důl Jiří;357 44 Vintířov
#181067048;FALSE;Studentská 312/65;360 07 Karlovy Vary
#181068818;FALSE;Nad Bahnivkou 140;251 01 Říčany
#181039125;FALSE;Chorušice 99;277 37
#181067391;FALSE;Tři Vršky 532;267 01 Králův Dvůr
#181084911;FALSE;pozemek p. č. 679/5 o výměře 2.562 m2 (Zeyerova ulice);k.ú . Úšovice, 353 01 Mariánské Lázně
#181063123;FALSE;Teplická         137/172;405 02 Děčín VIII - Dolní Oldřichov
#181063131;FALSE;Teplická         137/172;405 02 Děčín VIII - Dolní Oldřichov
#181064111;FALSE;Školní 2400/4;251 01 Říčany
#181064243;FALSE;114;294 79 Kropáčova Vrutice 114
#181064464;FALSE;Nádražní 1908;765 02 Otrokovice
#181064472;FALSE;Nádražní 1908;765 02 Otrokovice
#181064791;FALSE;Vodičkova 683 22;110 00 Praha 1
#181064791;FALSE;Truhlářská 1120 22;110 00 Praha 1
#181064791;FALSE;Slovenská 1726 27;120 00 Praha 2
#181064791;FALSE;Na Smetance 505 1;120 00 Praha 2
#181064791;FALSE;náměstí Jiřího z Lobkovic 121 22;130 00 Praha 3
#181064791;FALSE;Nedvědovo náměstí 140 13;147 00 Praha 4
#181064791;FALSE;Pošepného náměstí 2022 3;148 00 Praha 4
#181064791;FALSE;Na Planině 1393 13;140 00 Praha 4
#181064791;FALSE;Školní 700 5;147 00 Praha 4
#181064791;FALSE;V Ladech 6;149 00 Praha 4
#181064791;FALSE;Na Chodovci 2700 54;141 00 Praha 4
#181064791;FALSE;Filosofská 3 1166;142 00 Praha 4
#181064791;FALSE;Angelovova 3183 15;143 00 Praha 4
#181064791;FALSE;Smolkova 565 8;142 00 Praha 4
#181064791;FALSE;Květnového vítězství 1554 54;149 00 Praha 4
#181064791;FALSE;Zárubova 977 17;142 00 Praha 4
#181064791;FALSE;Jánošíkova 1320 2;142 00 Praha 4
#181064791;FALSE;Táborská 421 45;140 00 Praha 4
#181064791;FALSE;Mendíků 1 1000;140 00 Praha 4
#181064791;FALSE;Písnická 760 11;142 00 Praha 4
#181064791;FALSE;Květnového vítězství 57 17;149 00 Praha 4
#181064791;FALSE;Horáčkova 1100 14;140 00 Praha 4
#181064791;FALSE;K Sídlišti 840 2;140 00 Praha 4
#181064791;FALSE;Černošická 168 12;155 31 Praha 5
#181064791;FALSE;Mládí 135 4;150 00 Praha 5
#181064791;FALSE;U Tyršovy školy 430 1;158 00 Praha 5
#181064791;FALSE;Weberova 1090 1;150 00 Praha 5
#181064791;FALSE;Radlická 115 140;150 00 Praha 5
#181064791;FALSE;Mezi Školami 2322 1;158 00 Praha 5
#181064791;FALSE;Podbělohorská 720 26;150 00 Praha 5
#181064791;FALSE;U Santošky 1007 1;150 00 Praha 5
#181064791;FALSE;Nepomucká 139 1;150 00 Praha 5
#181064791;FALSE;Od Školy 596 5;155 00 Praha 5
#181064791;FALSE;Brdičkova 1878 2;155 00 Praha 5
#181064791;FALSE;Bronzová 2027 35;155 00 Praha 5
#181064791;FALSE;Ke Smíchovu 16 140;154 00 Praha 5
#181064791;FALSE;Chaplinovo náměstí 615 1;152 00 Praha 5
#181064791;FALSE;Fingerova 2186 17;158 00 Praha 5
#181064791;FALSE;Na Okraji 305 43;162 00 Praha 6
#181064791;FALSE;Norbertov 126 1;162 00 Praha 6
#181064791;FALSE;Pod Marjánkou 1900 2;169 00 Praha 6
#181064791;FALSE;Žákovská 164a 3;165 00 Praha 6
#181064791;FALSE;Františka Křížka 490 2;170 00 Praha 7
#181064791;FALSE;Korunovační 164 8;170 00 Praha 7
#181064791;FALSE;Glowackého 555 6;181 00 Praha 8
#181064791;FALSE;Hlivická 400 1;181 00 Praha 8
#181064791;FALSE;Spořická 400 34;184 00 Praha 8
#181064791;FALSE;Na Šutce 440 28;182 00 Praha 8
#181064791;FALSE;Dolákova 555 1;181 00 Praha 8
#181064791;FALSE;Mýtní 73;190 11 Praha 9
#181064791;FALSE;Slavětínská 200;190 14 Praha 9
#181064791;FALSE;Špitálská 789 4;190 00 Praha 9
#181064791;FALSE;Chodovická 2250 36;193 00 Praha 9
#181064791;FALSE;Národních hrdinů 70;190 12 Praha 9
#181064791;FALSE;Chvaletická 918 4;198 00 Praha 9
#181064791;FALSE;Generála Janouška 1006 21;198 00 Praha 9
#181064791;FALSE;Fryčovická 462;199 00 Praha 9
#181064791;FALSE;Lupenická 20 6;190 16 Praha 9
#181064791;FALSE;Spojenců 1408 63;193 00 Praha 9
#181064791;FALSE;Rychnovská 350;199 00 Praha 9
#181064791;FALSE;náměstí Na Balabence 800 7;190 00 Praha 9
#181064791;FALSE;Stoliňská 823 16;193 00 Praha 9
#181064791;FALSE;U Vršovického nádraží 950 1;101 00 Praha 10
#181064791;FALSE;Švehlova 2900 12;106 00 Praha 10
#181064791;FALSE;Vladivostocká 1035 6;100 00 Praha 10
#181064791;FALSE;Nad Vodovodem 460 81;108 00 Praha 10
#181064791;FALSE;Olešská 2222 18;100 00 Praha 10
#181064791;FALSE;U Školy 285 2;102 00 Praha 10
#181064791;FALSE;Nad Přehradou 469;109 00 Praha 10
#181064791;FALSE;náměstí Bří Jandusů 2 38;104 00 Praha 10
#181064791;FALSE;Veronské náměstí 391 20;109 00 Praha 10
#181064855;FALSE;Libušská 48 43;142 00 Praha 4 - Písnice
#181064871;FALSE;Libušská 48 43;142 00 Praha 4
#181086930;FALSE;parc. č. 741;251 68 Kamenice
#181067277;FALSE;Skuheř, Kostelecká 508;251 68 Kamenice
#181067269;FALSE;Skuheř, Kostelecká 508;251 68 Kamenice
#181067307;FALSE;Neklanova 1806;413 01 Roudnice nad Labem
#181066459;FALSE;Ruprechtická 440 33;460 01 Liberec 1
#181066467;FALSE;Ruprechtická 440 33;460 01 Liberec 1
#181066475;FALSE;Zlukov 66;391 81 Veselí nad Lužnicí
#181066483;FALSE;Zlukov 66;391 81 Veselí nad Lužnicí
#181066556;FALSE;Vratičová 263;155 21 Praha 5
#181066564;FALSE;Vratičová 263;155 21 Praha 5
#181066882;FALSE;Washingtonova 1567/25;110 00 Praha 1 - Nové Město
#181066891;FALSE;Husova, parc.st.pl.2793 (tělocvična);697 01 Kyjov
#181066955;FALSE;Kozomínská 414;250 70 Postřižín
#181066963;FALSE;Kozomínská 414;250 70 Postřižín
#181070120;FALSE;Školská 555;281 02 Cerhenice
#181070138;FALSE;Školská 555;281 02 Cerhenice
#181071339;TRUE;K Radonicům, p.č. 930, č. 33, 34, 35;Satalice;190 15 Praha 9
#181118181;FALSE;pozemek p.č. 7/2 (k. ú. Velenov);680 01 Obec Velenov
#181085861;FALSE;Tisová č. pozemku 75/1;251 68 Kamenice
#181085887;FALSE;(pozemek s parcelním číslem 418/11);Hradec Králové - katastrální území Kluky
#181085887;FALSE;(pozemek s parcelním číslem 418/10);Hradec Králové - katastrální území Kluky
#181085887;FALSE;(pozemek s parcelním číslem 418/11);Hradec Králové - katastrální území Kluky
#181085887;FALSE;(pozemek s parcelním číslem 418/13);Hradec Králové - katastrální území Kluky
#181127857;FALSE;(pozemek s parcelním číslem 418/11);Hradec Králové - katastrální území Kluky
#181085909;FALSE;Panský les;417 12 Proboštov
#181086212;FALSE;pozemek p. č. 970 (k. ú. Babice nad Svitavou);obec Babice nad Svitavou,
#181086310;FALSE;pozemek p.č. 413;266 01 Trubská
#181086662;FALSE;pozemek p. č. st. 74 (k. ú. Nýrov);obec Nýrov
#181117479;FALSE;36;403 21 Ústí nad Labem
#181086760;FALSE;pozemek p. č. 2152/13 a p. č. 2152/14 (k. ú. Žebětín);obec Brno
#181121794;FALSE;pozemek p. č. 2152/14 (k.ú. Žebětín);635 00 Brno
#181086778;FALSE;U Lesa parc. č. 474/2;252 45 Zvole
#181086905;FALSE;pozemek p. č. 5263/1 a p. č. 5263/2 (vše v k. ú. Líšeň);a p. č. 5263/3 a p. č. 5263/4; obec Brno
#181086964;FALSE;pozemek p. č. 5179/2 a p. č. 5179/3 (k. ú. Žabovřesky);obec Brno
#181132907;FALSE;pozemek p. č. 5179/3 (k. ú. Žabovřesky);616 00 obec Brno
#181088002;FALSE;(katastrální území Podhůří-Harta, parcela č. 562);Vrchlabí
#181088002;FALSE;(katastrální území Podhůří-Harta, parcela č. 557);Vrchlabí
#181087448;FALSE;739 23 Stará Ves nad Ondřejnicí
#181087456;FALSE;739 23 Stará Ves nad Ondřejnicí
#181087693;FALSE;Lety pod lesem parc. č. 1858/1;Černošice;252 29 Lety u Dobřichovic
#181087723;FALSE;Lety pod lesem parc. č. 1858/1;252 29 Lety u Dobřichovic
#181087766;FALSE;parc. č. 113/34 a 113/35;289 13 Písty u Nymburka
#181087766;FALSE;parc. č. 418/18;288 02 Nymburk
#181087812;FALSE;pozemek p. č. 1026/1 (k. ú. Bílovice nad Svitavou);obec Bílovice nad Svitavou
#181088037;FALSE;Třísov, parcelní čísla 2325 a 1106/9/20;382 03 Holubov
#181088037;FALSE;Srubec, parcelní čísla 844/22 a 844/23/20;370 06 Srubec
#181122791;FALSE;Třísov parcelní čísla 2325 a 1106/9;382 03 Holubov
#181122791;FALSE;Srubec parcelní čísla 844/22 a 844/23;370 06 Srubec
#181088088;FALSE;k. ú. Orlov, parc. č. 271;261 01 Příbram
#181088177;FALSE;pozemek p. č. 74/1 a p. č. 72/1 (k. ú. Mokrá Hora);obec Brno
#181118785;FALSE;pozemek p.č. 73 a p.č. 74/1 (k. ú. Mokrá Hora);obec Brno
#181088223;FALSE;parcelní číslo 3196;460 01 Liberec
#181118629;FALSE;parcelní číslo 3196;460 01 Liberec
#181088347;FALSE;ulice K Brnkám;184 00 Praha 8 - Dolní Chabry
#181088584;FALSE;Zámecká, parc. č. 16/12;250 64 Měšice
#181088614;FALSE;parcelní číslo 2181/1;Vlčice
#181088975;FALSE;(k. ú. Záhořice);364 52 Žlutice
#181088975;FALSE;(k. ú. Pastviny);351 24 Hranice u Aše
#181126265;FALSE;Ke Smíchovu 112/80, Slivenec;Praha 5
#181089726;FALSE;parc. č. 320/1;278 01 Kralupy nad Vltavou - Minice
#181089734;FALSE;parc. č. 320/1;278 01 Kralupy nad Vltavou - Minice
#181091534;FALSE;pozemek p. č. 297/2 (k.ú. Březina u Křtin);obec Březina
#181093511;FALSE;Srbská Kamenice 54;407 15 Srbská Kamenice
#181093529;FALSE;Srbská Kamenice 182;407 15 Srbská Kamenice
#181093961;FALSE;Modrá
#181094118;FALSE;parcelní číslo 1291/7 (k.ú. Slavonín);obec Olomouc
#181094126;FALSE;parcelní číslo 1601/7, 1601/8 (k.ú. Horka nad Moravou);obec Horka nad Moravou
#181094126;FALSE;parcelní číslo 1601/6 (k.ú. Horka nad Moravou);obec Horka nad Moravou
#181095866;FALSE;parcelní číslo 570;330 07 Druztová
#181096293;FALSE;parcelní číslo 2925/7;323 00 Plzeň (k. ú. Bolevec)
#181097117;FALSE;parcelní číslo 205;779 00 obec Olomouc (k.ú. Řepčín)
#181099535;FALSE;parc. č. 3422/70;284 01 Kutná Hora
#181121611;FALSE;parc.č. 3422;284 01 Kutná Hora
#181102196;FALSE;V Podbabě 2602/29b Praha 6;k.ú. Dejvice, par.č. 2415/1
#181121671;FALSE;V Podbabě 2602/29b, Praha 6;k.ú.Dejvice, par.č. 2415/1
#181102358;FALSE;List vlastnictví 3410 (parcelní číslo: 7006/1 a 6995/1 - KÚ 641146);534 01 Holice
#181129434;FALSE;parcelní číslo: 7006/1 a 6995/1 - KÚ 641;534 01 Holice
#181104369;FALSE;parcelní číslo 2925/1;323 00 Plzeň (k.ú. Bolevec)
#181106213;FALSE;Husova;252 28 Černošice
#181106221;FALSE;Husova;252 28 Černošice
#181109816;FALSE;parcelní číslo 1293;333 01 Stod (k.ú. Lelov)
#181110431;FALSE;Vrablovec (parcela 2747/1,2,3,4);736 01 Ludgeřovice
#181126087;FALSE;Malé Nepodřice, parcelní číslo 2724;397 01 Dobev
#181126095;FALSE;Malé Nepodřice, parcelní číslo 2724;397 01 Dobev
#181113074;FALSE;pozemek p. č. 1093/8, p. č. 1093/9;p. č. 1093/10, vše v k.ú. Podolí u Brna
#181117827;FALSE;pozemek p.č. 606/6 (k. ú. Předklášteří);666 02 Obec Předklášteří
#181118068;FALSE;pozemek p. č. 1858/1;k. ú. Třebechovice pod Orebem
#181118068;FALSE;pozemky p. č. 481/1, 479/1;k. ú. Třebechovice pod Orebem
#181120429;FALSE;pozemek p. č. 1858/1;k. ú. Třebechovice pod Orebem
#181118335;FALSE;pozemek p. č 874, p. č. 875 (k.ú. Pozořice);664 07 Městys Pozořice
#181131935;FALSE;pozemek p. č. 875 (k. ú. Pozořice);664 07 Městys Pozořice
#181119226;FALSE;č. parcely 331/5 a 332;161 00 Praha 6,    k. ú. Ruzyně
#181120259;FALSE;č. parcely 2397/2;102 00 Praha 15,  k. ú. Hostivař
#181120259;FALSE;území ped. programu č. parcely 2398/2;102 00 Praha 15,  k. ú. Hostivař
#181120984;FALSE;Parcela číslo 653/1;561 51 Letohrad
#181120984;FALSE;Parcelní číslo 167/1;561 51 Letohrad
#181121204;FALSE;č.p. (parc. č. 231/1);739 53 Komorní Lhotka
#181121212;FALSE;(parc. č. 231/1);739 53 Komorní Lhotka
#181121310;FALSE;parc. č. 41/5;277 14 Borek
#181121328;FALSE;parc. č. 59;277 14 Borek
#181121689;FALSE;pozemek p. č. 5107 (k. ú. Líšeň);628 00 obec Brno
#181121697;FALSE;pozemek p. č. 5106, p. č. 5107 (k. ú. Líšeň);628 00 obec Brno
#181123207;FALSE;Chodecká;160 00 Praha
#181123215;FALSE;Chodecká;160 00 Praha
#181125382;FALSE;Sýkorka 552/1;763 14 Velíková
#181125901;FALSE;Ke Kútám;739 42 Chlebovice
#181125951;FALSE;(parcelní čísla 2906/1 a 2906/2);742 66 Štramberk
#181125960;FALSE;(parcelní čísla 2906/1 a 2906/2);742 66 Štramberk
#181126061;FALSE;KÚ Ďáblice parc. č. 1553;Praha 8
#181126664;FALSE;pozemek p.č. 1600/2 (k.ú. Pisárky);623 00 obec Brno
#181127067;FALSE;část pozemku p. č. 579 o výměře 1.000 m2;360 07 Karlovy Vary, k.ú. Doubí u Karlových Var
#181127075;FALSE;část pozemku p. č. 579 o výměře 1.000 m2;360 07 Karlovy Vary, k.ú. Doubí u Karlových Var
#181127733;FALSE;parc. č. 857, 858;277 13 Záryby
#181127741;FALSE;parc. č. 858;277 13 Záryby
#181128004;FALSE;pozemek p.č. 438/5 (k. ú. Klepačov);678 01 obec Klepačov
#181133181;FALSE;pozemek p.č. 438/5 (k. ú. Klepačov);678 01 obec Klepačov
#181128543;FALSE;č.ev. (parc. č. 537/6);739 14 Ostravice
#181131161;FALSE;U tenisu (bez č.p.), č. parcely 1890;150 00 Praha 5, k. ú. Košíře
#181131170;FALSE;U tenisu (bez č.p.), č. parcely 1890;150 00 Praha 5, k. ú. Košíře
#181132231;FALSE;(parc. číslo 2305/4);739 41 Palkovice
#181132249;FALSE;(parč. č. 2305/4);739 41 Palkovice
#181132893;FALSE;Ke Trojici, sad na pozemku parc.č.4361/;284 01 Kutná Hora
#181133105;FALSE;zahrada na ulici Lubina (parc. č. 2760/2);744 01 Frenštát pod Radhoštěm
#181133148;FALSE;U Červeného dvora, parcelní číslo 2427;370 08 České Budějovice
#181133164;FALSE;U Červeného dvora, parcelní číslo 2427;370 08 České Budějovice
#181133245;FALSE;(parcelní číslo 394/2);742 57 Libhošť
#181133725;FALSE;pozemek p. č. 532/1 o výměře 1.000 m2;k. ú. Cheb
#181133733;FALSE;pozemek p. č. 532/1 o výměře 1.000 m2;k. ú. Cheb
